<?xml version="1.0"?>
<doc>
    <assembly>
        <name>VLS_WebApi</name>
    </assembly>
    <members>
        <member name="T:VLS_WebApi.AttributeRoutingConfig">
            <summary>
            
            </summary>
        </member>
        <member name="M:VLS_WebApi.AttributeRoutingConfig.RegisterRoutes(System.Web.Routing.RouteCollection)">
            <summary>
            
            </summary>
            <param name="routes"></param>
        </member>
        <member name="M:VLS_WebApi.AttributeRoutingConfig.Start">
            <summary>
            
            </summary>
        </member>
        <member name="T:VLS_WebApi.FilterConfig">
            <summary>
            
            </summary>
        </member>
        <member name="M:VLS_WebApi.FilterConfig.RegisterGlobalFilters(System.Web.Mvc.GlobalFilterCollection)">
            <summary>
            
            </summary>
            <param name="filters"></param>
        </member>
        <member name="T:VLS_WebApi.NinjectWebCommon">
            <summary>
            
            </summary>
        </member>
        <member name="M:VLS_WebApi.NinjectWebCommon.Start">
            <summary>
            Starts the application
            </summary>
        </member>
        <member name="M:VLS_WebApi.NinjectWebCommon.Stop">
            <summary>
            Stops the application.
            </summary>
        </member>
        <member name="M:VLS_WebApi.NinjectWebCommon.CreateKernel">
            <summary>
            Creates the kernel that will manage your application.
            </summary>
            <returns>The created kernel.</returns>
        </member>
        <member name="M:VLS_WebApi.NinjectWebCommon.RegisterServices(Ninject.IKernel)">
            <summary>
            Load your modules or register your services here!
            </summary>
            <param name="kernel">The kernel.</param>
        </member>
        <member name="T:VLS_WebApi.RouteConfig">
            <summary>
            
            </summary>
        </member>
        <member name="M:VLS_WebApi.RouteConfig.RegisterRoutes(System.Web.Routing.RouteCollection)">
            <summary>
            
            </summary>
            <param name="routes"></param>
        </member>
        <member name="T:VLS_WebApi.WebApiConfig">
            <summary>
            
            </summary>
        </member>
        <member name="M:VLS_WebApi.WebApiConfig.Register(System.Web.Http.HttpConfiguration)">
            <summary>
            
            </summary>
            <param name="config"></param>
        </member>
        <member name="T:VLS_WebApi.Controllers.Account.AuthenticateController">
            <summary>
            
            </summary>
        </member>
        <member name="M:VLS_WebApi.Controllers.Account.AuthenticateController.#ctor(VLS_BusinessLayer.Services.Account.TokenService,VLS_BusinessLayer.Services.LoggerService)">
            <summary>
            
            </summary>
            <param name="service"></param>
            <param name="logger"></param>
        </member>
        <member name="M:VLS_WebApi.Controllers.Account.AuthenticateController.Authenticate">
            POST /Token
             <summary>
             GET Token with Basic authentication.
             Add Header  "Authorization"    "Basic " + Base64(username + ":" + password));
             </summary>
             <returns></returns>
        </member>
        <member name="T:VLS_WebApi.Controllers.Account.v1._0.ParamController">
            <summary>
            
            </summary>
        </member>
        <member name="M:VLS_WebApi.Controllers.Account.v1._0.ParamController.#ctor(VLS_BusinessLayer.Services.Account.ParamService,VLS_BusinessLayer.Services.LoggerService)">
            <summary>
            
            </summary>
            <param name="service"></param>
            <param name="logger"></param>
        </member>
        <member name="M:VLS_WebApi.Controllers.Account.v1._0.ParamController.Search(VLS_Models.ModelsDto.Account.ParamDto)">
            <summary>
            Search Params with Filters.
            For Contain, add % at start or at the end of filter 
            </summary>
            <param name="param">
            {"ParamId": null, Code: null, Value : null, "Description": null}
            </param>
            <returns></returns>
        </member>
        <member name="M:VLS_WebApi.Controllers.Account.v1._0.ParamController.GetById(System.Int32)">
            GET: api/v1.0/Param/{id}
            <summary>
            GET Param by id 
            </summary>
            <param name="id">{ParamId}</param>
            <returns></returns>
        </member>
        <member name="M:VLS_WebApi.Controllers.Account.v1._0.ParamController.Post(VLS_Models.ModelsDto.Account.ParamDto)">
            POST: api/Param
            <summary>
            Add Param
            </summary>
            <param name="param">
            {"ParamId": null, Code: null, Value : null, "Description": null}
            </param>
            <returns></returns>
        </member>
        <member name="M:VLS_WebApi.Controllers.Account.v1._0.ParamController.Put(System.Int32,VLS_Models.ModelsDto.Account.ParamDto)">
            PUT: api/Param
            <summary>
            Update Param by id 
            </summary>
            <param name="id">{ParamId}</param>
            <param name="param">
            {"ParamId": null, Code: null, Value : null, "Description": null}
            </param>
            <returns></returns>
        </member>
        <member name="M:VLS_WebApi.Controllers.Account.v1._0.ParamController.Delete(System.Int32)">
            DELETE: api/Param/{id}
            <summary>
            Delete Param by id 
            </summary>
            <param name="id">{ParamId}</param>
            <returns></returns>
        </member>
        <member name="T:VLS_WebApi.Controllers.Account.v1._0.RoleBusinessEntityController">
            <summary>
            
            </summary>
        </member>
        <member name="M:VLS_WebApi.Controllers.Account.v1._0.RoleBusinessEntityController.#ctor(VLS_BusinessLayer.Services.Account.RoleBusinessEntityService,VLS_BusinessLayer.Services.LoggerService)">
            <summary>
            
            </summary>
            <param name="service"></param>
            <param name="logger"></param>
        </member>
        <member name="M:VLS_WebApi.Controllers.Account.v1._0.RoleBusinessEntityController.Search(VLS_Models.ModelsDto.Account.RoleBusinessEntityDto)">
            <summary>
            Search RoleBusinessEntitys with Filters.
            For Contain, add % at start or at the end of filter 
            </summary>
            <param name="roleBusinessEntity">
            {"RoleBusinessEntityId": null,"RoleId": null,"BusinessEntityId": null,"PermitView": null,"PermitInsert": null,"PermitUpdate": null,"PermitDelete": null,"BusinessEntityName" : null, "RoleName" : null}
            </param>
            <returns></returns>
        </member>
        <member name="M:VLS_WebApi.Controllers.Account.v1._0.RoleBusinessEntityController.GetById(System.Int32)">
            GET: api/v1.0/RoleBusinessEntity/{id}
            <summary>
            GET RoleBusinessEntity by id 
            </summary>
            <param name="id">{RoleBusinessEntityId}</param>
            <returns></returns>
        </member>
        <member name="M:VLS_WebApi.Controllers.Account.v1._0.RoleBusinessEntityController.Post(VLS_Models.ModelsDto.Account.RoleBusinessEntityDto)">
            POST: api/v1.0/RoleBusinessEntity
            <summary>
            Add RoleBusinessEntity 
            </summary>
            <param name="roleBusinessEntity">
            {"RoleBusinessEntityId": null,"RoleId": null,"BusinessEntityId": null,"PermitView": null,"PermitInsert": null,"PermitUpdate": null,"PermitDelete": null,"BusinessEntityName" : null, "RoleName" : null}
            </param>
            <returns></returns>
        </member>
        <member name="M:VLS_WebApi.Controllers.Account.v1._0.RoleBusinessEntityController.Put(System.Int32,VLS_Models.ModelsDto.Account.RoleBusinessEntityDto)">
            PUT: api/v1.0/RoleBusinessEntity/{id}
            <summary>
            Update RoleBusinessEntity by id 
            </summary>
            <param name="id">{RoleBusinessEntityId}</param>
            <param name="roleBusinessEntity">
            {"RoleBusinessEntityId": null,"RoleId": null,"BusinessEntityId": null,"PermitView": null,"PermitInsert": null,"PermitUpdate": null,"PermitDelete": null,"BusinessEntityName" : null, "RoleName" : null}
            </param>
            <returns></returns>
        </member>
        <member name="M:VLS_WebApi.Controllers.Account.v1._0.RoleBusinessEntityController.Delete(System.Int32)">
            DELETE: api/v1.0/RoleBusinessEntity/{id}
            <summary>
            Delete RoleBusinessEntity by id 
            </summary>
            <param name="id">{RoleBusinessEntityId}</param>
            <returns></returns>
        </member>
        <member name="T:VLS_WebApi.Controllers.Account.v1._0.RoleController">
            <summary>
            
            </summary>
        </member>
        <member name="M:VLS_WebApi.Controllers.Account.v1._0.RoleController.#ctor(VLS_BusinessLayer.Services.Account.RoleService,VLS_BusinessLayer.Services.LoggerService)">
            <summary>
            
            </summary>
            <param name="service"></param>
            <param name="logger"></param>
        </member>
        <member name="M:VLS_WebApi.Controllers.Account.v1._0.RoleController.Search(VLS_Models.ModelsDto.Account.RoleDto)">
            <summary>
            Search Roles with Filters.
            For Contain, add % at start or at the end of filter 
            </summary>
            <param name="role">
            {"RoleId": null, "Name": null}
            </param>
            <returns></returns>
        </member>
        <member name="M:VLS_WebApi.Controllers.Account.v1._0.RoleController.GetById(System.Int32)">
            GET: api/v1.0/Role/{id}
            <summary>
            GET Role by id 
            </summary>
            <param name="id">{RoleId}</param>
            <returns></returns>
        </member>
        <member name="M:VLS_WebApi.Controllers.Account.v1._0.RoleController.Post(VLS_Models.ModelsDto.Account.RoleDto)">
            POST: api/v1.0/Role
            <summary>
            Add Role 
            </summary>
            <param name="role">
            {"RoleId": null, "Name": null}
            </param>
            <returns></returns>
        </member>
        <member name="M:VLS_WebApi.Controllers.Account.v1._0.RoleController.Put(System.Int32,VLS_Models.ModelsDto.Account.RoleDto)">
            PUT: api/v1.0/Role/{id}
            <summary>
            Update Role by id 
            </summary>
            <param name="id">{RoleId}</param>
            <param name="role">
            {"RoleId": null, "Name": null}
            </param>
            <returns></returns>
        </member>
        <member name="M:VLS_WebApi.Controllers.Account.v1._0.RoleController.Delete(System.Int32)">
            DELETE: api/v1.0/Role/{id}
            <summary>
            Delete Role by id 
            </summary>
            <param name="id">{RoleId}</param>
            <returns></returns>
        </member>
        <member name="T:VLS_WebApi.Controllers.Account.v1._0.UserController">
            <summary>
            
            </summary>
        </member>
        <member name="M:VLS_WebApi.Controllers.Account.v1._0.UserController.#ctor(VLS_BusinessLayer.Services.Account.UserService,VLS_BusinessLayer.Services.LoggerService)">
            <summary>
            
            </summary>
            <param name="service"></param>
            <param name="logger"></param>
        </member>
        <member name="M:VLS_WebApi.Controllers.Account.v1._0.UserController.UserRegistration(VLS_Models.ModelsDto.Account.UserDto)">
            POST: api/v1.0/User/Registration
            <summary>
            Add user 
            </summary>
            <param name="user">
            {"UserId": null, "UserName": null,"Password": null,"FirstName": null,"LastName": null,"Email": null,"Phone": null,"MobilePhone": null,"Address": null,"StudentCardNumber": null,"IsActive": null,"RoleId": null, "RoleName" : null}
            </param>
            <returns></returns>
        </member>
        <member name="M:VLS_WebApi.Controllers.Account.v1._0.UserController.Update(VLS_Models.ModelsDto.Account.UserDto)">
            POST : api/v1.0/User/Update
            <summary>
            Update user by id 
            </summary>
            <param name="user">
            {"UserId": null, "UserName": null,"Password": null,"FirstName": null,"LastName": null,"Email": null,"Phone": null,"MobilePhone": null,"Address": null,"StudentCardNumber": null,"IsActive": null,"RoleId": null, "RoleName" : null}
            </param>
            <returns></returns>
        </member>
        <member name="M:VLS_WebApi.Controllers.Account.v1._0.UserController.UserData">
            GET : api/v1.0/User/User
            <summary>
            Get User
            </summary>
            <param></param>
            <returns></returns>
        </member>
        <member name="M:VLS_WebApi.Controllers.Account.v1._0.UserController.Search(VLS_Models.ModelsDto.Account.UserDto)">
            <summary>
            Search Users with Filters.
            For Contain, add % at start or at the end of filter 
            </summary>
            <param name="user">
            {"UserId": null, "UserName": null,"Password": null,"FirstName": null,"LastName": null,"Email": null,"Phone": null,"MobilePhone": null,"Address": null,"StudentCardNumber": null,"IsActive": null,"RoleId": null, "RoleName" : null}
            </param>
            <returns></returns>
        </member>
        <member name="M:VLS_WebApi.Controllers.Account.v1._0.UserController.GetById(System.Int32)">
            GET: api/v1.0/User/{id}
            <summary>
            GET user by id 
            </summary>
            <param name="id">{UserId}</param>
            <returns></returns>
        </member>
        <member name="M:VLS_WebApi.Controllers.Account.v1._0.UserController.Post(VLS_Models.ModelsDto.Account.UserDto)">
            POST: api/v1.0/User
            <summary>
            Add user 
            </summary>
            <param name="user">
            {"UserId": null, "UserName": null,"Password": null,"FirstName": null,"LastName": null,"Email": null,"Phone": null,"MobilePhone": null,"Address": null,"StudentCardNumber": null,"IsActive": null,"RoleId": null, "RoleName" : null}
            </param>
            <returns></returns>
        </member>
        <member name="M:VLS_WebApi.Controllers.Account.v1._0.UserController.Put(System.Int32,VLS_Models.ModelsDto.Account.UserDto)">
            PUT : api/v1.0/User/{id}
            <summary>
            Update user by id 
            </summary>
            <param name="id">{UserId}</param>
            <param name="user">
            {"UserId": null, "UserName": null,"Password": null,"FirstName": null,"LastName": null,"Email": null,"Phone": null,"MobilePhone": null,"Address": null,"StudentCardNumber": null,"IsActive": null,"RoleId": null, "RoleName" : null}
            </param>
            <returns></returns>
        </member>
        <member name="M:VLS_WebApi.Controllers.Account.v1._0.UserController.Delete(System.Int32)">
            DELETE: api/v1.0/User/{id}
            <summary>
            Delete user by id 
            </summary>
            <param name="id">{UserId}</param>
            <returns></returns>
        </member>
        <member name="P:VLS_WebApi.Controllers.Account.v1._0.UserController.GetCurrentUserId">
            <summary>
            
            </summary>
        </member>
        <member name="T:VLS_WebApi.Controllers.Book.v1._0.BookRatingController">
            <summary>
            
            </summary>
        </member>
        <member name="M:VLS_WebApi.Controllers.Book.v1._0.BookRatingController.#ctor(VLS_BusinessLayer.Services.Book.BookRatingService,VLS_BusinessLayer.Services.LoggerService)">
            <summary>
            
            </summary>
            <param name="service"></param>
            <param name="logger"></param>
        </member>
        <member name="P:VLS_WebApi.Controllers.Book.v1._0.BookRatingController.GetCurrentUserId">
            <summary>
            
            </summary>
        </member>
        <member name="M:VLS_WebApi.Controllers.Book.v1._0.BookRatingController.Search(VLS_Models.ModelsDto.Book.BookRatingDto)">
            <summary>
            Search BookRatings with Filters.
            For Contain, add % at start or at the end of filter 
            </summary>
            <param name="bookRating">
            { "BookRatingId": null,  "BookId": null,  "UserId": null,  "Rating": null,  "InsDate": null }
            </param>
            <returns></returns>
        </member>
        <member name="M:VLS_WebApi.Controllers.Book.v1._0.BookRatingController.GetById(System.Int32)">
            GET: api/v1.0/BookRating/{id}
            <summary>
            GET BookRating by id 
            </summary>
            <param name="id">{BookRatingId}</param>
            <returns></returns>
        </member>
        <member name="M:VLS_WebApi.Controllers.Book.v1._0.BookRatingController.Post(VLS_Models.ModelsDto.Book.BookRatingDto)">
             POST: api/v1.0/BookRating
             <summary>
             Add BookRating 
             </summary>
             <param name="bookRating">
            { "BookRatingId": null,  "BookId": null,  "UserId": null,  "Rating": null,  "InsDate": null }
             </param>
             <returns></returns>
        </member>
        <member name="M:VLS_WebApi.Controllers.Book.v1._0.BookRatingController.Put(System.Int32,VLS_Models.ModelsDto.Book.BookRatingDto)">
            PUT : api/v1.0/BookRating/{id}
            <summary>
            Update BookRating by id 
            </summary>
            <param name="id">{BookRatingId}</param>
            <param name="bookRating">
            { "BookRatingId": null,  "BookId": null,  "UserId": null,  "Rating": null,  "InsDate": null }
            </param>
            <returns></returns>
        </member>
        <member name="M:VLS_WebApi.Controllers.Book.v1._0.BookRatingController.Delete(System.Int32)">
            DELETE: api/v1.0/BookRating/{id}
            <summary>
            Delete BookRating by id 
            </summary>
            <param name="id">{BookRatingId}</param>
            <returns></returns>
        </member>
        <member name="T:VLS_WebApi.Controllers.Book.v1._0.BookController">
            <summary>
            
            </summary>
        </member>
        <member name="M:VLS_WebApi.Controllers.Book.v1._0.BookController.#ctor(VLS_BusinessLayer.Services.Book.BookService,VLS_BusinessLayer.Services.LoggerService)">
            <summary>
            
            </summary>
            <param name="service"></param>
            <param name="logger"></param>
        </member>
        <member name="M:VLS_WebApi.Controllers.Book.v1._0.BookController.Search(VLS_Models.ModelsDto.Book.BookDto)">
            <summary>
            Search Books with Filters.
            For Contain, add % at start or at the end of filter 
            </summary>
            <param name="book">
            { "BookId": null,  "Title": null,  "SubTitle": null,  "OriginTitle": null,  "Description": null,  "PublishYear": null,  "PublishMonth": null,  "Pages": null,  "Isbn": null,  "IsbnSet": null,  "Isbn13": null,  "IsbnSet13": null }
            </param>
            <returns></returns>
        </member>
        <member name="M:VLS_WebApi.Controllers.Book.v1._0.BookController.GetById(System.Int32)">
            GET: api/v1.0/Book/{id}
            <summary>
            GET book by id 
            </summary>
            <param name="id">{BookId}</param>
            <returns></returns>
        </member>
        <member name="M:VLS_WebApi.Controllers.Book.v1._0.BookController.Post(VLS_Models.ModelsDto.Book.BookDto)">
            POST: api/v1.0/Book
            <summary>
            Add book 
            </summary>
            <param name="book">
            { "BookId": null,  "Title": null,  "SubTitle": null,  "OriginTitle": null,  "Description": null,  "PublishYear": null,  "PublishMonth": null,  "Pages": null,  "Isbn": null,  "IsbnSet": null,  "Isbn13": null,  "IsbnSet13": null }
            </param>
            <returns></returns>
        </member>
        <member name="M:VLS_WebApi.Controllers.Book.v1._0.BookController.Put(System.Int32,VLS_Models.ModelsDto.Book.BookDto)">
            PUT : api/v1.0/Book/{id}
            <summary>
            Update book by id 
            </summary>
            <param name="id">{BookId}</param>
            <param name="book">
            { "BookId": null,  "Title": null,  "SubTitle": null,  "OriginTitle": null,  "Description": null,  "PublishYear": null,  "PublishMonth": null,  "Pages": null,  "Isbn": null,  "IsbnSet": null,  "Isbn13": null,  "IsbnSet13": null }
            </param>
            <returns></returns>
        </member>
        <member name="M:VLS_WebApi.Controllers.Book.v1._0.BookController.Delete(System.Int32)">
            DELETE: api/v1.0/Book/{id}
            <summary>
            Delete book by id 
            </summary>
            <param name="id">{BookId}</param>
            <returns></returns>
        </member>
        <member name="T:VLS_WebApi.Controllers.Book.v1._0.BookCategoryController">
            <summary>
            
            </summary>
        </member>
        <member name="M:VLS_WebApi.Controllers.Book.v1._0.BookCategoryController.#ctor(VLS_BusinessLayer.Services.Book.BookCategoryService,VLS_BusinessLayer.Services.LoggerService)">
            <summary>
            
            </summary>
            <param name="service"></param>
            <param name="logger"></param>
        </member>
        <member name="M:VLS_WebApi.Controllers.Book.v1._0.BookCategoryController.Search(VLS_Models.ModelsDto.Book.BookCategoryDto)">
            <summary>
            Search BookCategorys with Filters.
            For Contain, add % at start or at the end of filter 
            </summary>
            <param name="bookCategory">
            { "BookCategoryId": null,  "BookId": null,  "CategoryId": null, "CategoryDescription":null  }
            </param>
            <returns></returns>
        </member>
        <member name="M:VLS_WebApi.Controllers.Book.v1._0.BookCategoryController.GetById(System.Int32)">
            GET: api/v1.0/BookCategory/{id}
            <summary>
            GET bookCategory by id 
            </summary>
            <param name="id">{BookCategoryId}</param>
            <returns></returns>
        </member>
        <member name="M:VLS_WebApi.Controllers.Book.v1._0.BookCategoryController.Post(VLS_Models.ModelsDto.Book.BookCategoryDto)">
            POST: api/v1.0/BookCategory
            <summary>
            Add bookCategory 
            </summary>
            <param name="bookCategory">
            {  "BookCategoryId": null,  "BookId": null,  "CategoryId": null, "CategoryDescription":null }
            </param>
            <returns></returns>
        </member>
        <member name="M:VLS_WebApi.Controllers.Book.v1._0.BookCategoryController.Put(System.Int32,VLS_Models.ModelsDto.Book.BookCategoryDto)">
            PUT : api/v1.0/BookCategory/{id}
            <summary>
            Update bookCategory by id 
            </summary>
            <param name="id">{BookCategoryId}</param>
            <param name="bookCategory">
            {  "BookCategoryId": null,  "BookId": null,  "CategoryId": null, "CategoryDescription":null }
            </param>
            <returns></returns>
        </member>
        <member name="M:VLS_WebApi.Controllers.Book.v1._0.BookCategoryController.Delete(System.Int32)">
            DELETE: api/v1.0/BookCategory/{id}
            <summary>
            Delete bookCategory by id 
            </summary>
            <param name="id">{BookCategoryId}</param>
            <returns></returns>
        </member>
        <member name="T:VLS_WebApi.Controllers.Book.v1._0.BookCompanyController">
            <summary>
            
            </summary>
        </member>
        <member name="M:VLS_WebApi.Controllers.Book.v1._0.BookCompanyController.#ctor(VLS_BusinessLayer.Services.Book.BookCompanyService,VLS_BusinessLayer.Services.LoggerService)">
            <summary>
            
            </summary>
            <param name="service"></param>
            <param name="logger"></param>
        </member>
        <member name="M:VLS_WebApi.Controllers.Book.v1._0.BookCompanyController.Search(VLS_Models.ModelsDto.Book.BookCompanyDto)">
            <summary>
            Search BookCompanys with Filters.
            For Contain, add % at start or at the end of filter 
            </summary>
            <param name="bookCompany">
            {  "BookCompanyId": null,  "BookId": null,  "CompanyId": null,  "PersonKindId": null,"PersonKindDescription":null,"CompanyName":null }
            </param>
            <returns></returns>
        </member>
        <member name="M:VLS_WebApi.Controllers.Book.v1._0.BookCompanyController.GetById(System.Int32)">
            GET: api/v1.0/BookCompany/{id}
            <summary>
            GET bookCompany by id 
            </summary>
            <param name="id">{BookCompanyId}</param>
            <returns></returns>
        </member>
        <member name="M:VLS_WebApi.Controllers.Book.v1._0.BookCompanyController.Post(VLS_Models.ModelsDto.Book.BookCompanyDto)">
            POST: api/v1.0/BookCompany
            <summary>
            Add bookCompany 
            </summary>
            <param name="bookCompany">
            { "BookCompanyId": null,  "BookId": null,  "CompanyId": null,  "PersonKindId": null,"PersonKindDescription":null,"CompanyName":null }
            </param>
            <returns></returns>
        </member>
        <member name="M:VLS_WebApi.Controllers.Book.v1._0.BookCompanyController.Put(System.Int32,VLS_Models.ModelsDto.Book.BookCompanyDto)">
            PUT : api/v1.0/BookCompany/{id}
            <summary>
            Update bookCompany by id 
            </summary>
            <param name="id">{BookCompanyId}</param>
            <param name="bookCompany">
            {  "BookCompanyId": null,  "BookId": null,  "CompanyId": null,  "PersonKindId": null,"PersonKindDescription":null,"CompanyName":null }
            </param>
            <returns></returns>
        </member>
        <member name="M:VLS_WebApi.Controllers.Book.v1._0.BookCompanyController.Delete(System.Int32)">
            DELETE: api/v1.0/BookCompany/{id}
            <summary>
            Delete bookCompany by id 
            </summary>
            <param name="id">{BookCompanyId}</param>
            <returns></returns>
        </member>
        <member name="T:VLS_WebApi.Controllers.Book.v1._0.BookPersonController">
            <summary>
            
            </summary>
        </member>
        <member name="M:VLS_WebApi.Controllers.Book.v1._0.BookPersonController.#ctor(VLS_BusinessLayer.Services.Book.BookPersonService,VLS_BusinessLayer.Services.LoggerService)">
            <summary>
            
            </summary>
            <param name="service"></param>
            <param name="logger"></param>
        </member>
        <member name="M:VLS_WebApi.Controllers.Book.v1._0.BookPersonController.Search(VLS_Models.ModelsDto.Book.BookPersonDto)">
            <summary>
            Search BookPersons with Filters.
            For Contain, add % at start or at the end of filter 
            </summary>
            <param name="bookPerson">
            { "BookPersonId": null,  "BookId": null,  "PersonId": null,  "PersonKindId": null,"PersonName":null,"PersonKindDescription":null }
            </param>
            <returns></returns>
        </member>
        <member name="M:VLS_WebApi.Controllers.Book.v1._0.BookPersonController.GetById(System.Int32)">
            GET: api/v1.0/BookPerson/{id}
            <summary>
            GET bookPerson by id 
            </summary>
            <param name="id">{BookPersonId}</param>
            <returns></returns>
        </member>
        <member name="M:VLS_WebApi.Controllers.Book.v1._0.BookPersonController.Post(VLS_Models.ModelsDto.Book.BookPersonDto)">
            POST: api/v1.0/BookPerson
            <summary>
            Add bookPerson 
            </summary>
            <param name="bookPerson">
            {  "BookPersonId": null,  "BookId": null,  "PersonId": null,  "PersonKindId": null,"PersonName":null,"PersonKindDescription":null }
            </param>
            <returns></returns>
        </member>
        <member name="M:VLS_WebApi.Controllers.Book.v1._0.BookPersonController.Put(System.Int32,VLS_Models.ModelsDto.Book.BookPersonDto)">
            PUT : api/v1.0/BookPerson/{id}
            <summary>
            Update bookPerson by id 
            </summary>
            <param name="id">{BookPersonId}</param>
            <param name="bookPerson">
            {  "BookPersonId": null,  "BookId": null,  "PersonId": null,  "PersonKindId": null,"PersonName":null,"PersonKindDescription":null }
            </param>
            <returns></returns>
        </member>
        <member name="M:VLS_WebApi.Controllers.Book.v1._0.BookPersonController.Delete(System.Int32)">
            DELETE: api/v1.0/BookPerson/{id}
            <summary>
            Delete bookPerson by id 
            </summary>
            <param name="id">{BookPersonId}</param>
            <returns></returns>
        </member>
        <member name="T:VLS_WebApi.Controllers.Book.v1._0.BookSearchController">
            <summary>
            
            </summary>
        </member>
        <member name="M:VLS_WebApi.Controllers.Book.v1._0.BookSearchController.#ctor(VLS_BusinessLayer.Services.Book.BookSearchService,VLS_BusinessLayer.Services.LoggerService)">
            <summary>
            
            </summary>
            <param name="service"></param>
            <param name="logger"></param>
        </member>
        <member name="M:VLS_WebApi.Controllers.Book.v1._0.BookSearchController.GetByValue(VLS_BusinessLayer.EnumBookSearchField,System.String,System.Int32)">
            GET: api/v1.0/BookSearch/GetByValue
            <summary>
            Search Books 
             </summary>
            <param name="searchfield">from BookSearchField Enum</param>
            <param name="keyword"> </param>
            <param name="pageIndex"></param>
            <returns></returns>
        </member>
        <member name="M:VLS_WebApi.Controllers.Book.v1._0.BookSearchController.GetByPerson(System.Int32,System.String,System.Int32)">
            GET: api/v1.0/BookSearch/GetByPerson
            <summary>
            Search Books 
             </summary>
            <param name="personKindId"></param>
            <param name="keyword"> </param>
            <param name="pageIndex"></param>
            <returns></returns>
        </member>
        <member name="M:VLS_WebApi.Controllers.Book.v1._0.BookSearchController.GetById(System.Int32)">
            GET: api/v1.0/BookSearch/GetById
            <summary>
            Search Books 
             </summary>
            <param name="bookId"> </param>
            <returns></returns>
        </member>
        <member name="M:VLS_WebApi.Controllers.Book.v1._0.BookSearchController.BookAvailability(System.Int32)">
            GET: api/v1.0/BookSearch/BookAvailability
            <summary>
            Search Books 
             </summary>
            <param name="bookId"> </param>
            <returns></returns>
        </member>
        <member name="T:VLS_WebApi.Controllers.Book.v1._0.CategoryController">
            <summary>
            
            </summary>
        </member>
        <member name="M:VLS_WebApi.Controllers.Book.v1._0.CategoryController.#ctor(VLS_BusinessLayer.Services.Book.CategoryService,VLS_BusinessLayer.Services.LoggerService)">
            <summary>
            
            </summary>
            <param name="service"></param>
            <param name="logger"></param>
        </member>
        <member name="M:VLS_WebApi.Controllers.Book.v1._0.CategoryController.Search(VLS_Models.ModelsDto.Book.CategoryDto)">
            <summary>
            Search Categorys with Filters.
            For Contain, add % at start or at the end of filter 
            </summary>
            <param name="category">
            {  "CategoryId": null,  "Code": null,  "Description": null,  "ParentCategoryId": null}
            </param>
            <returns></returns>
        </member>
        <member name="M:VLS_WebApi.Controllers.Book.v1._0.CategoryController.GetById(System.Int32)">
            GET: api/v1.0/Category/{id}
            <summary>
            GET category by id 
            </summary>
            <param name="id">{CategoryId}</param>
            <returns></returns>
        </member>
        <member name="M:VLS_WebApi.Controllers.Book.v1._0.CategoryController.Post(VLS_Models.ModelsDto.Book.CategoryDto)">
            POST: api/v1.0/Category
            <summary>
            Add category 
            </summary>
            <param name="category">
            {  "CategoryId": null,  "Code": null,  "Description": null,  "ParentCategoryId": null}
            </param>
            <returns></returns>
        </member>
        <member name="M:VLS_WebApi.Controllers.Book.v1._0.CategoryController.Put(System.Int32,VLS_Models.ModelsDto.Book.CategoryDto)">
            PUT : api/v1.0/Category/{id}
            <summary>
            Update category by id 
            </summary>
            <param name="id">{CategoryId}</param>
            <param name="category">
            {  "CategoryId": null,  "Code": null,  "Description": null,  "ParentCategoryId": null}
            </param>
            <returns></returns>
        </member>
        <member name="M:VLS_WebApi.Controllers.Book.v1._0.CategoryController.Delete(System.Int32)">
            DELETE: api/v1.0/Category/{id}
            <summary>
            Delete category by id 
            </summary>
            <param name="id">{CategoryId}</param>
            <returns></returns>
        </member>
        <member name="T:VLS_WebApi.Controllers.Book.v1._0.CompanyController">
            <summary>
            
            </summary>
        </member>
        <member name="M:VLS_WebApi.Controllers.Book.v1._0.CompanyController.#ctor(VLS_BusinessLayer.Services.Book.CompanyService,VLS_BusinessLayer.Services.LoggerService)">
            <summary>
            
            </summary>
            <param name="service"></param>
            <param name="logger"></param>
        </member>
        <member name="M:VLS_WebApi.Controllers.Book.v1._0.CompanyController.Search(VLS_Models.ModelsDto.Book.CompanyDto)">
            <summary>
            Search Companys with Filters.
            For Contain, add % at start or at the end of filter 
            </summary>
            <param name="company">
            {"CompanyId": null, "Name": null,  "Address": null,  "Email": null,  "WebSite": null,  "Phone1": null,  "Phone2": null,  "Phone3": null,  "Fax": null }
            </param>
            <returns></returns>
        </member>
        <member name="M:VLS_WebApi.Controllers.Book.v1._0.CompanyController.GetById(System.Int32)">
            GET: api/v1.0/Company/{id}
            <summary>
            GET company by id 
            </summary>
            <param name="id">{CompanyId}</param>
            <returns></returns>
        </member>
        <member name="M:VLS_WebApi.Controllers.Book.v1._0.CompanyController.Post(VLS_Models.ModelsDto.Book.CompanyDto)">
            POST: api/v1.0/Company
            <summary>
            Add company 
            </summary>
            <param name="company">
            {"CompanyId": null, "Name": null,  "Address": null,  "Email": null,  "WebSite": null,  "Phone1": null,  "Phone2": null,  "Phone3": null,  "Fax": null }
            </param>
            <returns></returns>
        </member>
        <member name="M:VLS_WebApi.Controllers.Book.v1._0.CompanyController.Put(System.Int32,VLS_Models.ModelsDto.Book.CompanyDto)">
            PUT : api/v1.0/Company/{id}
            <summary>
            Update company by id 
            </summary>
            <param name="id">{CompanyId}</param>
            <param name="company">
            {"CompanyId": null, "Name": null,  "Address": null,  "Email": null,  "WebSite": null,  "Phone1": null,  "Phone2": null,  "Phone3": null,  "Fax": null }
            </param>
            <returns></returns>
        </member>
        <member name="M:VLS_WebApi.Controllers.Book.v1._0.CompanyController.Delete(System.Int32)">
            DELETE: api/v1.0/Company/{id}
            <summary>
            Delete company by id 
            </summary>
            <param name="id">{CompanyId}</param>
            <returns></returns>
        </member>
        <member name="T:VLS_WebApi.Controllers.Book.v1._0.PersonController">
            <summary>
            
            </summary>
        </member>
        <member name="M:VLS_WebApi.Controllers.Book.v1._0.PersonController.#ctor(VLS_BusinessLayer.Services.Book.PersonService,VLS_BusinessLayer.Services.LoggerService)">
            <summary>
            
            </summary>
            <param name="service"></param>
            <param name="logger"></param>
        </member>
        <member name="M:VLS_WebApi.Controllers.Book.v1._0.PersonController.Search(VLS_Models.ModelsDto.Book.PersonDto)">
            <summary>
            Search Persons with Filters.
            For Contain, add % at start or at the end of filter 
            </summary>
            <param name="person">
            { "PersonId": null,  "Name": null,  "Description": null,  "Email": null, "WebSite": null}
            </param>
            <returns></returns>
        </member>
        <member name="M:VLS_WebApi.Controllers.Book.v1._0.PersonController.GetById(System.Int32)">
            GET: api/v1.0/Person/{id}
            <summary>
            GET person by id 
            </summary>
            <param name="id">{PersonId}</param>
            <returns></returns>
        </member>
        <member name="M:VLS_WebApi.Controllers.Book.v1._0.PersonController.Post(VLS_Models.ModelsDto.Book.PersonDto)">
            POST: api/v1.0/Person
            <summary>
            Add person 
            </summary>
            <param name="person">
            { "PersonId": null,  "Name": null,  "Description": null,  "Email": null, "WebSite": null}
            </param>
            <returns></returns>
        </member>
        <member name="M:VLS_WebApi.Controllers.Book.v1._0.PersonController.Put(System.Int32,VLS_Models.ModelsDto.Book.PersonDto)">
            PUT : api/v1.0/Person/{id}
            <summary>
            Update person by id 
            </summary>
            <param name="id">{PersonId}</param>
            <param name="person">
            { "PersonId": null,  "Name": null,  "Description": null,  "Email": null, "WebSite": null}
            </param>
            <returns></returns>
        </member>
        <member name="M:VLS_WebApi.Controllers.Book.v1._0.PersonController.Delete(System.Int32)">
            DELETE: api/v1.0/Person/{id}
            <summary>
            Delete person by id 
            </summary>
            <param name="id">{PersonId}</param>
            <returns></returns>
        </member>
        <member name="T:VLS_WebApi.Controllers.Book.v1._0.PersonKindController">
            <summary>
            
            </summary>
        </member>
        <member name="M:VLS_WebApi.Controllers.Book.v1._0.PersonKindController.#ctor(VLS_BusinessLayer.Services.Book.PersonKindService,VLS_BusinessLayer.Services.LoggerService)">
            <summary>
            
            </summary>
            <param name="service"></param>
            <param name="logger"></param>
        </member>
        <member name="M:VLS_WebApi.Controllers.Book.v1._0.PersonKindController.Search(VLS_Models.ModelsDto.Book.PersonKindDto)">
            <summary>
            Search PersonKinds with Filters.
            For Contain, add % at start or at the end of filter 
            </summary>
            <param name="personKind">
            {  "PersonKindId": null,  "Description": null}
            </param>
            <returns></returns>
        </member>
        <member name="M:VLS_WebApi.Controllers.Book.v1._0.PersonKindController.GetById(System.Int32)">
            GET: api/v1.0/PersonKind/{id}
            <summary>
            GET personKind by id 
            </summary>
            <param name="id">{PersonKindId}</param>
            <returns></returns>
        </member>
        <member name="M:VLS_WebApi.Controllers.Book.v1._0.PersonKindController.Post(VLS_Models.ModelsDto.Book.PersonKindDto)">
            POST: api/v1.0/PersonKind
            <summary>
            Add personKind 
            </summary>
            <param name="personKind">
            {  "PersonKindId": null,  "Description": null}
            </param>
            <returns></returns>
        </member>
        <member name="M:VLS_WebApi.Controllers.Book.v1._0.PersonKindController.Put(System.Int32,VLS_Models.ModelsDto.Book.PersonKindDto)">
            PUT : api/v1.0/PersonKind/{id}
            <summary>
            Update personKind by id 
            </summary>
            <param name="id">{PersonKindId}</param>
            <param name="personKind">
            {  "PersonKindId": null,  "Description": null}
            </param>
            <returns></returns>
        </member>
        <member name="M:VLS_WebApi.Controllers.Book.v1._0.PersonKindController.Delete(System.Int32)">
            DELETE: api/v1.0/PersonKind/{id}
            <summary>
            Delete personKind by id 
            </summary>
            <param name="id">{PersonKindId}</param>
            <returns></returns>
        </member>
        <member name="T:VLS_WebApi.Controllers.Library.v1._0.LibraryController">
            <summary>
            
            </summary>
        </member>
        <member name="M:VLS_WebApi.Controllers.Library.v1._0.LibraryController.#ctor(VLS_BusinessLayer.Services.Library.LibraryService,VLS_BusinessLayer.Services.LoggerService)">
            <summary>
            
            </summary>
            <param name="service"></param>
            <param name="logger"></param>
        </member>
        <member name="M:VLS_WebApi.Controllers.Library.v1._0.LibraryController.GetByDistance(System.Single,System.Single)">
            GET: api/v1.0/Library/GetByDistance
            <summary>
            GET library by distance
            </summary>
            <param name="latitude">{latitude}</param>
            <param name="longitude">{longitude}</param>
            <returns>The distance in meters.</returns>
        </member>
        <member name="M:VLS_WebApi.Controllers.Library.v1._0.LibraryController.Search(VLS_Models.ModelsDto.Library.LibraryDto)">
            <summary>
            Search Librarys with Filters.
            For Contain, add % at start or at the end of filter 
            </summary>
            <param name="library">
            {  "LibraryId": null,  "Name": null,  "Description": null,  "Address": null,  "Email": null,  "WebSite": null,  "Phone1": null,  "Phone2": null,  "Phone3": null,  "Fax": null,  "Longitude": null,  "Latitude": null }
            </param>
            <returns></returns>
        </member>
        <member name="M:VLS_WebApi.Controllers.Library.v1._0.LibraryController.GetById(System.Int32)">
            GET: api/v1.0/Library/{id}
            <summary>
            GET library by id 
            </summary>
            <param name="id">{LibraryId}</param>
            <returns></returns>
        </member>
        <member name="M:VLS_WebApi.Controllers.Library.v1._0.LibraryController.Post(VLS_Models.ModelsDto.Library.LibraryDto)">
            POST: api/v1.0/Library
            <summary>
            Add library 
            </summary>
            <param name="library">
            {  "LibraryId": null,  "Name": null,  "Description": null,  "Address": null,  "Email": null,  "WebSite": null,  "Phone1": null,  "Phone2": null,  "Phone3": null,  "Fax": null,  "Longitude": null,  "Latitude": null }
            </param>
            <returns></returns>
        </member>
        <member name="M:VLS_WebApi.Controllers.Library.v1._0.LibraryController.Put(System.Int32,VLS_Models.ModelsDto.Library.LibraryDto)">
            PUT : api/v1.0/Library/{id}
            <summary>
            Update library by id 
            </summary>
            <param name="id">{LibraryId}</param>
            <param name="library">
            {  "LibraryId": null,  "Name": null,  "Description": null,  "Address": null,  "Email": null,  "WebSite": null,  "Phone1": null,  "Phone2": null,  "Phone3": null,  "Fax": null,  "Longitude": null,  "Latitude": null }
            </param>
            <returns></returns>
        </member>
        <member name="M:VLS_WebApi.Controllers.Library.v1._0.LibraryController.Delete(System.Int32)">
            DELETE: api/v1.0/Library/{id}
            <summary>
            Delete library by id 
            </summary>
            <param name="id">{LibraryId}</param>
            <returns></returns>
        </member>
        <member name="T:VLS_WebApi.Controllers.Library.v1._0.LibraryBookAvailabilityController">
            <summary>
            
            </summary>
        </member>
        <member name="M:VLS_WebApi.Controllers.Library.v1._0.LibraryBookAvailabilityController.#ctor(VLS_BusinessLayer.Services.Library.LibraryBookAvailabilityService,VLS_BusinessLayer.Services.LoggerService)">
            <summary>
            
            </summary>
            <param name="service"></param>
            <param name="logger"></param>
        </member>
        <member name="M:VLS_WebApi.Controllers.Library.v1._0.LibraryBookAvailabilityController.Search(VLS_Models.ModelsDto.Library.LibraryBookAvailabilityDto)">
            <summary>
            Search LibraryBookAvailabilitys with Filters.
            For Contain, add % at start or at the end of filter 
            </summary>
            <param name="libraryBookAvailability">
            { "LibraryBookAvailabilityId": null,  "LibraryId": null,  "BookId": null,  "Quantity": null}
            </param>
            <returns></returns>
        </member>
        <member name="M:VLS_WebApi.Controllers.Library.v1._0.LibraryBookAvailabilityController.GetById(System.Int32)">
            GET: api/v1.0/LibraryBookAvailability/{id}
            <summary>
            GET libraryBookAvailability by id 
            </summary>
            <param name="id">{LibraryBookAvailabilityId}</param>
            <returns></returns>
        </member>
        <member name="M:VLS_WebApi.Controllers.Library.v1._0.LibraryBookAvailabilityController.Post(VLS_Models.ModelsDto.Library.LibraryBookAvailabilityDto)">
            POST: api/v1.0/LibraryBookAvailability
            <summary>
            Add libraryBookAvailability 
            </summary>
            <param name="libraryBookAvailability">
            {  "LibraryBookAvailabilityId": null,  "LibraryId": null,  "BookId": null,  "Quantity": null}
            </param>
            <returns></returns>
        </member>
        <member name="M:VLS_WebApi.Controllers.Library.v1._0.LibraryBookAvailabilityController.Put(System.Int32,VLS_Models.ModelsDto.Library.LibraryBookAvailabilityDto)">
            PUT : api/v1.0/LibraryBookAvailability/{id}
            <summary>
            Update libraryBookAvailability by id 
            </summary>
            <param name="id">{LibraryBookAvailabilityId}</param>
            <param name="libraryBookAvailability">
            {  "LibraryBookAvailabilityId": null,  "LibraryId": null,  "BookId": null,  "Quantity": null}
            </param>
            <returns></returns>
        </member>
        <member name="M:VLS_WebApi.Controllers.Library.v1._0.LibraryBookAvailabilityController.Delete(System.Int32)">
            DELETE: api/v1.0/LibraryBookAvailability/{id}
            <summary>
            Delete libraryBookAvailability by id 
            </summary>
            <param name="id">{LibraryBookAvailabilityId}</param>
            <returns></returns>
        </member>
        <member name="T:VLS_WebApi.Controllers.Home.HomeController">
            <summary>
            
            </summary>
        </member>
        <member name="M:VLS_WebApi.Controllers.Home.HomeController.Index">
            <summary>
            
            </summary>
            <returns></returns>
        </member>
        <member name="T:VLS_WebApi.Controllers.Reservation.v1._0.ReservationController">
            <summary>
            
            </summary>
        </member>
        <member name="M:VLS_WebApi.Controllers.Reservation.v1._0.ReservationController.#ctor(VLS_BusinessLayer.Services.Reservation.ReservationService,VLS_BusinessLayer.Services.LoggerService)">
            <summary>
            
            </summary>
            <param name="service"></param>
            <param name="logger"></param>
        </member>
        <member name="P:VLS_WebApi.Controllers.Reservation.v1._0.ReservationController.GetCurrentUserId">
            <summary>
            
            </summary>
        </member>
        <member name="M:VLS_WebApi.Controllers.Reservation.v1._0.ReservationController.UserReservationSearch(VLS_Models.ModelsDto.Reservation.ReservationDto)">
            <summary>
            Search User Reservations with Filters.
            For Contain, add % at start or at the end of filter 
            </summary>
            <param name="reservation">
            
            {"ReservationId": null,"UserId": null,"ReservationStatus": null,"Extend": null,"ExtendReservationId": null,"InsDate": null,
                 "ReservationBooks": [
                                       {"ReservationBookId": null,"ReservationId": null,"LibraryId": null,"BookId": null,"StartDate": null,"EndDate": null}
                                     ]
              }
            
            </param>
            <returns></returns>
        </member>
        <member name="M:VLS_WebApi.Controllers.Reservation.v1._0.ReservationController.UserNewReservation(VLS_Models.ModelsDto.Reservation.ReservationDto)">
            POST: api/v1.0/UserNewReservation
            <summary>
            Add reservation 
            </summary>
            <param name="reservation">
            {
                 "ReservationBooks": [
                                       {"ReservationBookId": null,"ReservationId": null,"LibraryId": null,"BookId": null,"StartDate": null,"EndDate": null}
                                     ]
              }
            </param>
            <returns></returns>
        </member>
        <member name="M:VLS_WebApi.Controllers.Reservation.v1._0.ReservationController.UserExtendReservation(VLS_Models.ModelsDto.Reservation.ReservationDto)">
            POST: api/v1.0/UserExtendReservation
            <summary>
            Add reservation 
            </summary>
            <param name="reservation">
            {
                 "ReservationBooks": [
                                       {"ReservationBookId": null,"ReservationId": null,"LibraryId": null,"BookId": null,"StartDate": null,"EndDate": null}
                                     ]
              }
            </param>
            <returns></returns>
        </member>
        <member name="M:VLS_WebApi.Controllers.Reservation.v1._0.ReservationController.Search(VLS_Models.ModelsDto.Reservation.ReservationDto)">
            <summary>
            Search Reservations with Filters.
            For Contain, add % at start or at the end of filter 
            </summary>
            <param name="reservation">
            
            {"ReservationId": null,"UserId": null,"InsDate": null,
                 "ReservationBooks": [
                                       {"ReservationBookId": null,"ReservationId": null,"LibraryId": null,"BookId": null,"StartDate": null,"EndDate": null,"ReservationBookStatus": null,"Extend": null,"ExtendReservationBookId": null}
                                     ]
              }
            
            </param>
            <returns></returns>
        </member>
        <member name="M:VLS_WebApi.Controllers.Reservation.v1._0.ReservationController.GetById(System.Int32)">
            GET: api/v1.0/Reservation/{id}
            <summary>
            GET reservation by id 
            </summary>
            <param name="id">{ReservationId}</param>
            <returns></returns>
        </member>
        <member name="M:VLS_WebApi.Controllers.Reservation.v1._0.ReservationController.Post(VLS_Models.ModelsDto.Reservation.ReservationDto)">
            POST: api/v1.0/Reservation
            <summary>
            Add reservation 
            </summary>
            <param name="reservation">
            {"ReservationId": null,"UserId": null,"InsDate": null,
                 "ReservationBooks": [
                                       {"ReservationBookId": null,"ReservationId": null,"LibraryId": null,"BookId": null,"StartDate": null,"EndDate": null,"ReservationBookStatus": null,"Extend": null,"ExtendReservationBookId": null}
                                     ]
              }
            </param>
            <returns></returns>
        </member>
        <member name="M:VLS_WebApi.Controllers.Reservation.v1._0.ReservationController.Put(System.Int32,VLS_Models.ModelsDto.Reservation.ReservationDto)">
            PUT : api/v1.0/Reservation/{id}
            <summary>
            Update reservation by id 
            </summary>
            <param name="id">{ReservationId}</param>
            <param name="reservation">
            {"ReservationId": null,"UserId": null,"InsDate": null,
                 "ReservationBooks": [
                                       {"ReservationBookId": null,"ReservationId": null,"LibraryId": null,"BookId": null,"StartDate": null,"EndDate": null,"ReservationBookStatus": null,"Extend": null,"ExtendReservationBookId": null}
                                     ]
              }
            </param>
            <returns></returns>
        </member>
        <member name="M:VLS_WebApi.Controllers.Reservation.v1._0.ReservationController.Delete(System.Int32)">
            DELETE: api/v1.0/Reservation/{id}
            <summary>
            Delete reservation by id 
            </summary>
            <param name="id">{ReservationId}</param>
            <returns></returns>
        </member>
        <member name="T:VLS_WebApi.Filters.ApiAuthenticationFilterAttribute">
            <summary>
            
            </summary>
        </member>
        <member name="M:VLS_WebApi.Filters.ApiAuthenticationFilterAttribute.OnAuthorizeUser(System.String,System.String,System.Web.Http.Controllers.HttpActionContext)">
            <summary>
            
            </summary>
            <param name="username"></param>
            <param name="password"></param>
            <param name="actionContext"></param>
            <returns></returns>
        </member>
        <member name="T:VLS_WebApi.Filters.BasicAuthenticationIdentity">
            <summary>
            
            </summary>
        </member>
        <member name="P:VLS_WebApi.Filters.BasicAuthenticationIdentity.UserId">
            <summary>
            
            </summary>
        </member>
        <member name="P:VLS_WebApi.Filters.BasicAuthenticationIdentity.UserName">
            <summary>
            
            </summary>
        </member>
        <member name="P:VLS_WebApi.Filters.BasicAuthenticationIdentity.Password">
            <summary>
            
            </summary>
        </member>
        <member name="M:VLS_WebApi.Filters.BasicAuthenticationIdentity.#ctor(System.Int32,System.String,System.String)">
            <summary>
            
            </summary>
            <param name="userId"></param>
            <param name="userName"></param>
            <param name="password"></param>
        </member>
        <member name="T:VLS_WebApi.Filters.GenericAuthenticationFilterAttribute">
            <summary>
            
            </summary>
        </member>
        <member name="M:VLS_WebApi.Filters.GenericAuthenticationFilterAttribute.OnAuthorizeUser(System.String,System.String,System.Web.Http.Controllers.HttpActionContext)">
            <summary>
            
            </summary>
            <param name="user"></param>
            <param name="pass"></param>
            <param name="filterContext"></param>
            <returns></returns>
        </member>
        <member name="M:VLS_WebApi.Filters.GenericAuthenticationFilterAttribute.FetchAuthHeader(System.Web.Http.Controllers.HttpActionContext)">
            <summary>
            
            </summary>
            <param name="filterContext"></param>
            <returns></returns>
        </member>
        <member name="T:VLS_WebApi.ActionFilters.AuthorizationRequiredAttribute">
            <summary>
            
            </summary>
        </member>
        <member name="P:VLS_WebApi.ActionFilters.AuthorizationRequiredAttribute.BusinessEntity">
            <summary>
            
            </summary>
        </member>
        <member name="P:VLS_WebApi.ActionFilters.AuthorizationRequiredAttribute.BusinessEntityAction">
            <summary>
            
            </summary>
        </member>
        <member name="T:VLS_WebApi.ActionFilters.DeflateGzipCompressionAttribute">
            <summary>
            
            </summary>
        </member>
        <member name="T:VLS_WebApi.ActionFilters.CompressionHelper">
            <summary>
            
            </summary>
        </member>
        <member name="M:VLS_WebApi.ActionFilters.CompressionHelper.DeflateByte(System.Byte[])">
            <summary>
            
            </summary>
            <param name="str"></param>
            <returns></returns>
        </member>
        <member name="T:VLS_WebApi.WebApiApplication">
            <summary>
            
            </summary>
        </member>
        <member name="M:VLS_WebApi.WebApiApplication.Application_Start">
            <summary>
            
            </summary>
        </member>
        <member name="T:VLS_WebApi.Misc.Utils">
            <summary>
            
            </summary>
        </member>
        <member name="M:VLS_WebApi.Misc.Utils.LoggerMessage(System.Reflection.MethodBase,System.String,System.String)">
            <summary>
            
            </summary>
            <param name="methodBase"></param>
            <param name="values"></param>
            <param name="message"></param>
            <returns></returns>
        </member>
        <member name="M:VLS_WebApi.Misc.Utils.GetIpAddress">
            <summary />
            <returns></returns>
        </member>
        <member name="P:VLS_WebApi.Misc.Utils.Username">
            <summary>
            
            </summary>
            <returns></returns>
        </member>
        <member name="M:VLS_WebApi.Misc.Utils.GetCurrentUserInfo">
            <summary>
            
            </summary>
            <returns></returns>
        </member>
        <member name="M:VLS_WebApi.Misc.Utils.ParseFloat(System.Nullable{System.Single})">
            <summary>
            
            </summary>
            <param name="number"></param>
            <returns></returns>
        </member>
        <member name="T:VLS_WebApi.Providers.XmlCommentDocumentationProvider">
            <summary>
            
            </summary>
        </member>
        <member name="M:VLS_WebApi.Providers.XmlCommentDocumentationProvider.#ctor(System.String)">
            <summary>
            
            </summary>
            <param name="documentPath"></param>
        </member>
    </members>
</doc>
